qubit,T1_us,T2_us,frequency_GHz,readout_error,sx_gate_error,sx_gate_length_ns,mean_ecr_error,mean_ecr_length_ns
0,381.5685857300125,131.70442930164933,4.635649684403261,0.01123046875,0.00028775142091170115,56.888888888888886,0.007669399831997659,533.3333333333333
1,233.79089869391422,251.00498025618936,4.736288144868368,0.0244140625,0.00020148864859246516,56.888888888888886,0.008141131614989111,533.3333333333333
2,270.38813239310156,230.33227118877795,4.819183440857051,0.021484375,0.0003802746030428943,56.888888888888886,0.00874134980362029,533.3333333333333
3,328.77490279905413,333.42844078530067,4.747181100193297,0.011962890625,0.000577035572185192,56.888888888888886,0.00784035136937708,533.3333333333333
4,291.74788958364803,192.44484206910215,4.787857376094546,0.020751953125,0.0001801879540686471,56.888888888888886,0.008027426615762797,533.3333333333333
5,172.75909991425792,78.91898308667757,4.85081142700897,0.060546875,0.0008688729537230527,56.888888888888886,0.5050062424871167,533.3333333333333
6,237.40349651795418,44.44146850625187,4.8995159695414054,0.25732421875,0.0008037324209928146,56.888888888888886,1.0,533.3333333333333
7,230.52219090722951,18.17731355943345,4.755587722216813,0.0498046875,0.00037710738306666146,56.888888888888886,0.5052410691448456,533.3333333333333
8,394.1651058571488,17.282471331162924,4.812531480182586,0.088134765625,0.0005850872553505538,56.888888888888886,0.6701607127632304,533.3333333333333
9,291.84655218305363,56.346802819290396,4.637614165110824,0.16064453125,0.00026195042725953553,56.888888888888886,0.558678811735926,533.3333333333333
10,280.8509414492126,185.1516148209872,4.804399705962369,0.02734375,0.0002708651166552287,56.888888888888886,0.06140492696247962,533.3333333333333
11,413.42396616068646,96.11805358941345,4.743306219609479,0.012451171875,0.00015660387218138484,56.888888888888886,0.005377340897538607,533.3333333333333
12,418.98429111900424,259.816785867086,4.626002742235595,0.07373046875,0.0004322837303435384,56.888888888888886,0.005811990278914751,552.2962962962962
13,463.6055467163752,299.9174290100251,4.556946604873287,0.126953125,0.002009747312440877,56.888888888888886,0.007890752466066075,533.3333333333333
14,262.62408162006733,81.34298447117432,4.5100658377673035,0.042724609375,0.0002962788794068202,56.888888888888886,0.00826429215878674,533.3333333333333
15,473.318692112023,126.98098049260926,4.599058699488754,0.087158203125,0.00035573329426550915,56.888888888888886,0.0053358650099859795,561.7777777777777
16,283.4225771031612,15.498796578521109,4.937447949379478,0.102294921875,0.0012152168296067788,56.888888888888886,0.509836942408627,533.3333333333333
17,438.3571999140878,18.737652324842994,4.752782052448472,0.016845703125,0.00013134236170327825,56.888888888888886,0.003943722950990491,590.2222222222222
18,452.3250939237751,21.509071792367443,4.6593007298892175,0.054443359375,0.0005236219400574607,56.888888888888886,0.012275199370995193,533.3333333333333
19,514.8934474539833,139.37161451797604,4.820731981253027,0.037109375,0.00018096211816853987,56.888888888888886,0.010056306954863453,533.3333333333333
20,324.07470321102875,77.37102394967002,4.738270836889971,0.0390625,0.00023596188809140386,56.888888888888886,0.006846330961977139,533.3333333333333
21,339.1253964361067,25.81595576911751,4.77388875021763,0.023193359375,0.0003105421132713909,56.888888888888886,0.009708663375351728,668.4444444444443
22,352.7649082282366,247.76777163596196,4.668481450148005,0.022705078125,0.00011269029313020176,56.888888888888886,0.00860994802343712,642.3703703703703
23,110.59051310535338,17.823362341870027,4.758059286742439,0.017578125,0.000594019606317089,56.888888888888886,0.016293080847694624,533.3333333333333
24,288.29424378555774,15.119683643815149,4.611449733332977,0.031005859375,0.0003600542613605316,56.888888888888886,0.013832457337155749,533.3333333333333
25,315.9978307370036,337.9308927777685,4.731629262139991,0.019775390625,0.00021203419628435183,56.888888888888886,0.00628389632920015,533.3333333333333
26,345.77658356678427,107.61606093068156,4.777309170145577,0.00830078125,0.0001767200816354453,56.888888888888886,0.013775353982373858,533.3333333333333
27,231.67682846606266,106.3796115182858,4.680346713329204,0.015625,0.0021925943343456228,56.888888888888886,0.020637535430892695,533.3333333333333
28,222.17743196100196,63.73591943262922,4.743194390679973,0.050537109375,0.0008904928972696393,56.888888888888886,0.014623929216733889,533.3333333333333
29,365.1961901421862,152.49656047597594,4.791725563642209,0.012451171875,0.00020242161652090184,56.888888888888886,0.007904209396040529,533.3333333333333
30,402.2746995366124,357.7887552246601,4.692924906441911,0.00634765625,0.00011771088917495264,56.888888888888886,0.006943227181693064,552.2962962962962
31,158.68395883843468,35.715913693531405,5.057532799434684,0.009765625,0.0002114178242644012,56.888888888888886,0.008207927781921448,533.3333333333333
32,197.76166761218045,316.0733810884517,4.929978591104593,0.023681640625,0.00022069495201786687,56.888888888888886,0.005640711228563577,533.3333333333333
33,392.296976612917,337.54651143033016,4.677510653596865,0.0087890625,0.00013159209822075592,56.888888888888886,0.005978778420099473,533.3333333333333
34,138.246876538237,51.43932317530155,4.710466814470317,0.1044921875,0.0008517085936717451,56.888888888888886,0.013017239136431186,533.3333333333333
35,227.63957117423374,57.96574626933414,4.914514501270184,0.01171875,0.00022714230749029018,56.888888888888886,0.008808492789112304,533.3333333333333
36,267.2088890381847,72.47716803090526,4.854004318750904,0.00830078125,0.0002459024761069626,56.888888888888886,0.00552440486500258,533.3333333333333
37,340.6585237678857,35.17526011095104,4.593932734213795,0.053955078125,0.0005428149815849925,56.888888888888886,0.016628026775188737,533.3333333333333
38,483.2930068570622,116.18211758654003,4.485831561735527,0.04541015625,0.00020095549932489464,56.888888888888886,0.010331024769331842,533.3333333333333
39,445.65499545460233,109.80986380099014,4.574226982703869,0.0498046875,0.0001261203291847024,56.888888888888886,0.0058699715266198145,552.2962962962962
40,367.517545505212,310.9816164796847,4.70550794813195,0.006591796875,0.00023176497316978732,56.888888888888886,0.0063060115810928685,561.7777777777777
41,249.05308533607186,373.4303713240598,4.814540525385267,0.00927734375,0.00012843874137313165,56.888888888888886,0.007680174533556276,533.3333333333333
42,277.76249947303944,218.16100948427524,4.6547672755844935,0.03173828125,0.0006827718792873859,56.888888888888886,0.01138505040525048,533.3333333333333
43,446.2251489506623,165.75839177507913,4.755146069328635,0.0087890625,0.0002362269001245515,56.888888888888886,0.00976292916694027,533.3333333333333
44,301.305182488882,302.0203081283507,4.868097681140563,0.01025390625,0.00015238158327827525,56.888888888888886,0.007135519661199574,533.3333333333333
45,418.31590961181575,289.15847721647447,4.762839549752837,0.032470703125,0.0004647259988641664,56.888888888888886,0.014042191804591339,533.3333333333333
46,365.85876201153644,488.81489503740625,4.674057868902493,0.032470703125,0.00011930091667361597,56.888888888888886,0.014896794796126572,533.3333333333333
47,278.63036072055036,146.18068804296698,4.795123751194096,0.011962890625,0.0002917879748882379,56.888888888888886,0.008498714769255455,533.3333333333333
48,339.95000671850846,309.7308849774502,4.707257705436149,0.01904296875,0.0005893005446308559,56.888888888888886,0.012042520426896075,533.3333333333333
49,216.27588978017565,168.91013176893154,4.81079284152637,0.056640625,0.00012135698629876248,56.888888888888886,0.00724074569699551,552.2962962962962
50,324.5288017896885,198.95241211524763,4.8790055560088605,0.0341796875,0.00016701255601573098,56.888888888888886,0.005819111762371654,465.7777777777777
51,367.2186905879952,479.7632516130049,4.767361636540024,0.0087890625,0.0001415147193614018,56.888888888888886,0.006315860108079607,437.33333333333326
52,106.24371349403596,19.676619076876694,4.854930599504881,0.15380859375,0.0008203757199543352,56.888888888888886,0.5100472319020039,707.5555555555554
53,275.70164892536906,400.511104407779,4.767757054042803,0.0263671875,0.0001297774674650346,56.888888888888886,0.004841247622208805,533.3333333333333
54,210.16899498644906,61.751842730256236,4.8215825003881525,0.0419921875,0.0001871357544165243,56.888888888888886,0.008091691580309313,533.3333333333333
55,332.21334767287175,201.3966337390268,4.907503173357138,0.060302734375,0.00023699144868092323,56.888888888888886,0.007097227073140755,533.3333333333333
56,451.412243593321,10.265106699103244,4.455280719207545,0.109375,0.0005648630511596824,56.888888888888886,1.0,824.8888888888889
57,301.8929522916314,2.636993370529277,4.834682472812014,0.21728515625,0.0053679436659514745,56.888888888888886,0.5584004393773897,650.6666666666666
58,467.33682070790087,46.15485905242311,4.708860444657704,0.00927734375,0.0001871200271347546,56.888888888888886,0.04305935572432962,533.3333333333333
59,308.398214685776,320.5561005438467,4.810878372781599,0.025390625,0.0001876745180698599,56.888888888888886,0.004360875601402359,533.3333333333333
60,447.5394229268525,450.9602713509119,4.6723998256959804,0.010498046875,0.00010740467460708339,56.888888888888886,0.004326198039898903,533.3333333333333
61,299.1904681649518,360.31366503678476,4.90157344036627,0.03076171875,0.00013296945013102952,56.888888888888886,0.004699011355113497,533.3333333333333
62,300.13816873697874,302.0747589025255,4.771213609783753,0.012451171875,0.007759868622011554,56.888888888888886,0.0054179132701580035,533.3333333333333
63,247.57678885353963,128.2163182776955,4.994843241053946,0.036865234375,0.00024792803660062044,56.888888888888886,0.00631119337617736,533.3333333333333
64,73.21640665178644,85.96090779737318,4.8789153561156695,0.203125,0.0002265602480550732,56.888888888888886,0.0068448450750597245,533.3333333333333
65,313.9630402148522,266.52400553692337,4.758059801359128,0.02392578125,0.0002611348613445934,56.888888888888886,0.01046096421647022,533.3333333333333
66,250.70075054831938,364.53150948202045,4.80960484101804,0.017333984375,0.0004095846142476188,56.888888888888886,0.01809839724658376,533.3333333333333
67,238.7001918524563,319.37984112454114,4.893009686341151,0.017822265625,0.00014204784618536884,56.888888888888886,0.007351445625108699,533.3333333333333
68,253.8242323010492,202.10155332339522,4.741283978910455,0.01318359375,0.0003822256118949137,56.888888888888886,0.006637061900423217,533.3333333333333
69,316.37397549465317,34.7220855205559,4.837433376447744,0.019775390625,0.00020239567706527756,56.888888888888886,0.005123565063272134,533.3333333333333
70,184.67132983030697,284.01298869183427,4.708547980180895,0.16259765625,0.00014204216025414773,56.888888888888886,0.004879096174321557,533.3333333333333
71,228.7959552493884,138.26846297723273,4.846333230227863,0.017822265625,0.00027123512768513876,56.888888888888886,0.006962849637302426,533.3333333333333
72,245.49441270415966,373.0782859094041,4.8745522611051255,0.09716796875,0.00025698735103422206,56.888888888888886,0.0065404822044771715,533.3333333333333
73,317.8104118510137,170.0127424244177,4.8747926304495515,0.0068359375,0.00018456444083305443,56.888888888888886,0.017996852362880955,533.3333333333333
74,181.27809195453833,136.59819344785856,4.814374138664081,0.0029296875,0.00044273275615107685,56.888888888888886,0.006561953802780129,533.3333333333333
75,460.7579371690756,207.06408403831952,4.769012156928834,0.055908203125,0.00023289071900372467,56.888888888888886,0.01627459700827827,533.3333333333333
76,264.2586598249237,112.14670973171434,4.702013353977156,0.011474609375,0.00021428628735981628,56.888888888888886,0.008039647988499543,533.3333333333333
77,271.63335271568184,212.6679905748703,4.806556173733097,0.0087890625,0.0001339241301867469,56.888888888888886,0.0064285369243817225,533.3333333333333
78,340.08545515959673,33.20453973529866,4.8611355055155965,0.01708984375,0.00015527335762747057,56.888888888888886,0.005800705275344126,533.3333333333333
79,230.63643632809297,24.196989159075557,4.7860606465241,0.015625,0.000276356696272097,56.888888888888886,0.007383234806014678,533.3333333333333
80,146.9928637936869,212.41801901970572,5.042749024158998,0.010986328125,0.0003117482957274284,56.888888888888886,0.0070072772350789625,533.3333333333333
81,255.51354182116037,158.85044685375,4.9613971892858855,0.005615234375,0.00020537250503210836,56.888888888888886,0.011195706479408448,533.3333333333333
82,201.60056627164948,218.60493849848115,4.815101576494034,0.032470703125,0.002048588883766918,56.888888888888886,0.01546752035329338,533.3333333333333
83,297.8927433600404,57.06640093315378,4.7378777791568485,0.0234375,0.0003003065375897769,56.888888888888886,0.33942301806894887,533.3333333333333
84,198.89469747965714,368.3214517078221,4.666019813276205,0.5,0.0006913586036289218,56.888888888888886,1.0,533.3333333333333
85,421.0571146376437,185.0064585255704,4.74528105499374,0.078125,0.00015745321113829025,56.888888888888886,0.3384350820589402,533.3333333333333
86,149.66741484017624,138.64850313513932,4.889910733757157,0.012939453125,0.0002817941732775242,56.888888888888886,0.008925825938771281,533.3333333333333
87,235.96772051568712,326.5369610513888,4.824424366861027,0.012451171875,0.0001303354613133223,56.888888888888886,0.007299797955270452,533.3333333333333
88,253.434099750995,99.69022075291706,4.689568986777462,0.043212890625,0.00016217324882224644,56.888888888888886,0.00808311901047129,533.3333333333333
89,241.18982885508578,217.97883369713438,4.947934745719253,0.017578125,0.000871516751417471,56.888888888888886,0.009744106722859414,533.3333333333333
90,304.5228871387725,221.70245689980942,4.8030636007123855,0.01025390625,0.0006223842396446286,56.888888888888886,0.015754695857259166,533.3333333333333
91,342.9809504279625,319.17783012489804,4.893183773290422,0.01953125,0.0001323928080257505,56.888888888888886,0.007014388293067109,533.3333333333333
92,232.17391335805084,402.65681103532813,4.82770095648003,0.340576171875,0.000137709864299723,56.888888888888886,0.503258666703803,533.3333333333333
93,287.81604919342453,42.35694986153188,4.910445778234493,0.009765625,0.0005723236039365926,56.888888888888886,0.008026644301939806,533.3333333333333
94,226.34879072995665,269.5944163951351,4.719658009926525,0.00927734375,0.00017818024677744226,56.888888888888886,0.0077275070345771135,533.3333333333333
95,288.09061051746113,101.43780925242761,4.802301925236895,0.010498046875,0.0006782112681808525,56.888888888888886,0.010569888762131052,533.3333333333333
96,226.69675028103646,159.03124061400263,4.852645207376888,0.098876953125,0.0007698455416883917,56.888888888888886,0.009998715508827416,533.3333333333333
97,241.2147660588001,89.33337868163575,4.950011212323079,0.02099609375,0.0005399445396588898,56.888888888888886,0.010937863462410963,533.3333333333333
98,254.92839642326396,361.11710839392305,4.774674205715848,0.024658203125,0.00012824077512450587,56.888888888888886,0.008786945225055373,533.3333333333333
99,229.01990079588796,176.88403831577213,4.832449224876219,0.015625,0.000270425857145486,56.888888888888886,0.007565115601415984,533.3333333333333
100,132.52953230862786,212.8279772197205,4.648608000152519,0.013427734375,0.000288893387549074,56.888888888888886,0.007269299958715188,533.3333333333333
101,258.5550554739405,70.63221921579745,4.844086463517431,0.003662109375,0.0002780503867993719,56.888888888888886,0.007234477305556486,533.3333333333333
102,206.43108615370352,107.63010982137453,4.786656555164215,0.060302734375,0.00020317736805894356,56.888888888888886,0.3376917344776962,533.3333333333333
103,298.94546535668314,215.43014060308704,4.694680098399601,0.0087890625,0.00015773837696022203,56.888888888888886,0.005496183517035957,533.3333333333333
104,273.98859345376127,341.73125246459665,4.78387997974473,0.003662109375,0.0002675706567666892,56.888888888888886,0.005648724665191396,533.3333333333333
105,295.61134575355135,27.133052989838603,4.883441194352368,0.010986328125,0.00012428359295803477,56.888888888888886,0.005948352192885087,533.3333333333333
106,438.014977947337,359.3096616410398,4.774787194423951,0.012451171875,0.000172963661842525,56.888888888888886,0.007333305458466888,533.3333333333333
107,210.71911926522037,97.91520752855389,4.985844839874539,0.02587890625,0.0006976879165323443,56.888888888888886,0.009079181335175351,533.3333333333333
108,163.10636822987973,243.03218856317451,4.857634184431182,0.010009765625,0.0002007832185784849,56.888888888888886,0.007272532753231781,533.3333333333333
109,305.2954449938729,361.4088298447686,4.794028667669824,0.02978515625,0.0006973167447307087,56.888888888888886,0.008224039759436225,533.3333333333333
110,364.36391334011404,389.67047459015185,4.834506184723792,0.00732421875,0.0001980452977154803,56.888888888888886,0.006186251857038527,533.3333333333333
111,167.71136230027628,93.95611465499476,4.8996725436720885,0.045654296875,0.00033336773972468005,56.888888888888886,0.01162391989149944,533.3333333333333
112,358.0040221565464,97.6778749590005,4.931293884555204,0.022216796875,0.00016480722809048755,56.888888888888886,0.004892649032020413,533.3333333333333
113,315.5395274002463,69.35594380720394,4.963644114986948,0.00390625,0.00016034726559378373,56.888888888888886,0.00614535042181974,533.3333333333333
114,175.83368566998246,252.98352386754567,4.884525117348158,0.015380859375,0.00018993013113279193,56.888888888888886,0.007578424914757631,533.3333333333333
115,276.9149018279107,225.6782879639392,4.742760628234413,0.012451171875,0.013329569006882301,56.888888888888886,0.008419502785063177,533.3333333333333
116,224.63227994943662,300.48252997862073,4.931273754194931,0.010986328125,0.00018678336874514468,56.888888888888886,0.01058385568652831,533.3333333333333
117,228.4422522365641,167.3092962661168,4.793039613058846,0.03076171875,0.00038178124359399614,56.888888888888886,0.01037771571143345,533.3333333333333
118,264.31340590532653,334.0872633562487,4.73749404593461,0.012451171875,0.00026266286302247546,56.888888888888886,0.006895616808860805,533.3333333333333
119,209.9206484160304,171.48601771900323,4.792614197744603,0.011474609375,0.0003741631117358818,56.888888888888886,0.007050052124240425,533.3333333333333
120,280.49274353194096,269.8591503659144,4.887791878353157,0.0126953125,0.00012097271880403888,56.888888888888886,0.006622002384708808,533.3333333333333
121,246.6418850890541,15.659078594829989,4.847674123458457,0.021484375,0.00021679631697838473,56.888888888888886,0.005944728017343831,533.3333333333333
122,353.03440555327523,305.12933225133224,4.731541663783101,0.007568359375,0.0003550953648918913,56.888888888888886,0.009300767185306572,533.3333333333333
123,251.82359828750654,301.02958566410837,4.8206301397006985,0.0078125,0.0001640187525252903,56.888888888888886,0.005086483709564077,533.3333333333333
124,278.41972084544125,332.1060328337933,4.881324507627415,0.004150390625,0.00015961592501764914,56.888888888888886,0.005788501393257067,533.3333333333333
125,239.28033542071583,63.37555301919867,4.977380831278876,0.0078125,0.00018507327806937748,56.888888888888886,0.005466735681693757,533.3333333333333
126,261.8181514271377,108.79803081319514,4.8312542779491405,0.019775390625,0.0001562221983174209,56.888888888888886,0.004613200798528921,533.3333333333333
